[
  {
    "pk": "size",
    "model": "memorule.rulefieldtype",
    "fields": {
      "default_value": "",
      "field_type": "single",
      "alias": "\u5c3a\u5bf8"
    }
  },
  {
    "pk": 1,
    "model": "memorule.productrulefield",
    "fields": {
      "field": "size",
      "outer_id": "0112BK1",
      "custom_alias": "\u51c9\u5e2d\u5c3a\u5bf8",
      "custom_default": "\u51c9\u5e2d\u5c3a\u5bf8"
    }
  },
  {
    "pk": 2,
    "model": "memorule.productrulefield",
    "fields": {
      "field": "size",
      "outer_id": "2115DD2",
      "custom_alias": "\u5c3f\u5e03\u89c4\u683c",
      "custom_default": "\u5c3f\u5e03"
    }
  },
  {
    "pk": 1,
    "model": "memorule.composerule",
    "fields": {
      "created": "2012-10-28T16:40:20",
      "modified": "2012-11-28T20:07:47",
      "outer_sku_id": "",
      "outer_id": "",
      "type": "payment",
      "payment": 150,
      "extra_info": "\u6ee1150\u9001\u4e09\u89d2\u5dfe"
    }
  },
  {
    "pk": 2,
    "model": "memorule.composerule",
    "fields": {
      "created": "2012-10-28T16:40:56",
      "modified": "2012-11-07T22:22:48",
      "outer_sku_id": "",
      "outer_id": "",
      "type": "payment",
      "payment": 500,
      "extra_info": "\u6ee1500\u9001\u6d74\u5dfe"
    }
  },
  {
    "pk": 3,
    "model": "memorule.composerule",
    "fields": {
      "created": "2012-10-28T16:45:07",
      "modified": "2012-11-06T11:59:11",
      "outer_sku_id": "30I10",
      "outer_id": "2115DD2",
      "type": "product",
      "payment": null,
      "extra_info": "\u7eb8\u5c3f\u5e9310\u7247\u88c5\u9001\u5c3f\u5e03\u5e26"
    }
  },
  {
    "pk": 4,
    "model": "memorule.composerule",
    "fields": {
      "created": "2012-10-28T16:48:10",
      "modified": "2012-11-06T11:54:48",
      "outer_sku_id": "46CA",
      "outer_id": "1115BN4",
      "type": "product",
      "payment": null,
      "extra_info": "\u5e8a\u54c1\u5341\u4ef6\u5957+\u88ab\u82af"
    }
  },
  {
    "pk": 5,
    "model": "memorule.composerule",
    "fields": {
      "created": "2012-10-28T16:58:26",
      "modified": "2012-11-06T11:55:06",
      "outer_sku_id": "46CB",
      "outer_id": "1115BN4",
      "type": "product",
      "payment": 1000,
      "extra_info": "\u5e8a\u54c1\u5341\u4ef6\u5957+\u88ab\u82af"
    }
  },
  {
    "pk": 6,
    "model": "memorule.composerule",
    "fields": {
      "created": "2012-10-28T17:01:03",
      "modified": "2012-11-06T11:55:45",
      "outer_sku_id": "46EB",
      "outer_id": "1115BN4",
      "type": "product",
      "payment": null,
      "extra_info": "\u5e8a\u54c1\u5341\u4ef6\u5957+\u88ab\u82af"
    }
  },
  {
    "pk": 7,
    "model": "memorule.composerule",
    "fields": {
      "created": "2012-10-29T10:35:18",
      "modified": "2012-11-06T11:55:32",
      "outer_sku_id": "62CB",
      "outer_id": "1115BN4",
      "type": "product",
      "payment": null,
      "extra_info": "\u5e8a\u54c1\u5341\u4ef6\u5957+\u88ab\u82af"
    }
  },
  {
    "pk": 8,
    "model": "memorule.composerule",
    "fields": {
      "created": "2012-10-29T10:35:18",
      "modified": "2012-11-06T11:55:19",
      "outer_sku_id": "62EB",
      "outer_id": "1115BN4",
      "type": "product",
      "payment": null,
      "extra_info": "\u5e8a\u54c1\u5341\u4ef6\u5957+\u88ab\u82af"
    }
  },
  {
    "pk": 9,
    "model": "memorule.composerule",
    "fields": {
      "created": "2012-11-06T12:01:30",
      "modified": "2012-11-06T12:01:30",
      "outer_sku_id": "46DA",
      "outer_id": "1115BN4",
      "type": "product",
      "payment": null,
      "extra_info": "\u5e8a\u54c1\u5341\u4ef6\u5957+\u88ab\u82af"
    }
  },
  {
    "pk": 10,
    "model": "memorule.composerule",
    "fields": {
      "created": "2012-11-06T12:02:08",
      "modified": "2012-11-06T12:03:06",
      "outer_sku_id": "46EA",
      "outer_id": "1115BN4",
      "type": "product",
      "payment": null,
      "extra_info": "\u5e8a\u54c1\u5341\u4ef6\u5957+\u88ab\u82af"
    }
  },
  {
    "pk": 11,
    "model": "memorule.composerule",
    "fields": {
      "created": "2012-11-06T12:05:01",
      "modified": "2012-11-06T12:05:01",
      "outer_sku_id": "46DB",
      "outer_id": "1115BN4",
      "type": "product",
      "payment": null,
      "extra_info": "\u5e8a\u54c1\u5341\u4ef6\u5957+\u88ab\u82af"
    }
  },
  {
    "pk": 12,
    "model": "memorule.composerule",
    "fields": {
      "created": "2012-11-06T12:06:49",
      "modified": "2012-11-06T12:06:49",
      "outer_sku_id": "52CA",
      "outer_id": "1115BN4",
      "type": "product",
      "payment": null,
      "extra_info": "\u5e8a\u54c1\u5341\u4ef6\u5957+\u88ab\u82af"
    }
  },
  {
    "pk": 13,
    "model": "memorule.composerule",
    "fields": {
      "created": "2012-11-06T12:07:57",
      "modified": "2012-11-06T12:07:57",
      "outer_sku_id": "52DA",
      "outer_id": "1115BN4",
      "type": "product",
      "payment": null,
      "extra_info": "\u5e8a\u54c1\u5341\u4ef6\u5957+\u88ab\u82af"
    }
  },
  {
    "pk": 14,
    "model": "memorule.composerule",
    "fields": {
      "created": "2012-11-06T12:09:18",
      "modified": "2012-11-06T12:09:18",
      "outer_sku_id": "52EA",
      "outer_id": "1115BN4",
      "type": "product",
      "payment": null,
      "extra_info": "\u5e8a\u54c1\u5341\u4ef6\u5957+\u88ab\u82af"
    }
  },
  {
    "pk": 15,
    "model": "memorule.composerule",
    "fields": {
      "created": "2012-11-06T12:10:46",
      "modified": "2012-11-06T12:10:46",
      "outer_sku_id": "52CB",
      "outer_id": "1115BN4",
      "type": "product",
      "payment": null,
      "extra_info": "\u5e8a\u54c1\u5341\u4ef6\u5957+\u88ab\u82af"
    }
  },
  {
    "pk": 16,
    "model": "memorule.composerule",
    "fields": {
      "created": "2012-11-06T12:11:37",
      "modified": "2012-11-06T12:11:37",
      "outer_sku_id": "52DB ",
      "outer_id": "1115BN4",
      "type": "product",
      "payment": null,
      "extra_info": "\u5e8a\u54c1\u5341\u4ef6\u5957+\u88ab\u82af"
    }
  },
  {
    "pk": 17,
    "model": "memorule.composerule",
    "fields": {
      "created": "2012-11-06T12:12:48",
      "modified": "2012-11-06T12:12:48",
      "outer_sku_id": "52EB",
      "outer_id": "1115BN4",
      "type": "product",
      "payment": null,
      "extra_info": "\u5e8a\u54c1\u5341\u4ef6\u5957+\u88ab\u82af"
    }
  },
  {
    "pk": 18,
    "model": "memorule.composerule",
    "fields": {
      "created": "2012-11-06T12:14:21",
      "modified": "2012-11-06T12:14:21",
      "outer_sku_id": "62CA",
      "outer_id": "1115BN4",
      "type": "product",
      "payment": null,
      "extra_info": "\u5e8a\u54c1\u5341\u4ef6\u5957+\u88ab\u5957"
    }
  },
  {
    "pk": 19,
    "model": "memorule.composerule",
    "fields": {
      "created": "2012-11-06T12:15:15",
      "modified": "2012-11-06T12:15:15",
      "outer_sku_id": "62DA",
      "outer_id": "1115BN4",
      "type": "product",
      "payment": null,
      "extra_info": "\u5e8a\u54c1\u5341\u4ef6\u5957+\u88ab\u82af"
    }
  },
  {
    "pk": 20,
    "model": "memorule.composerule",
    "fields": {
      "created": "2012-11-06T12:16:15",
      "modified": "2012-11-06T12:16:15",
      "outer_sku_id": "62EA",
      "outer_id": "1115BN4",
      "type": "product",
      "payment": null,
      "extra_info": "\u5e8a\u54c1\u5341\u4ef6\u5957+\u88ab\u82af"
    }
  },
  {
    "pk": 21,
    "model": "memorule.composerule",
    "fields": {
      "created": "2012-11-06T12:17:34",
      "modified": "2012-11-06T12:17:34",
      "outer_sku_id": "62CB",
      "outer_id": "1115BN4",
      "type": "product",
      "payment": null,
      "extra_info": "\u5e8a\u54c1\u5341\u4ef6\u5957+\u88ab\u82af"
    }
  },
  {
    "pk": 22,
    "model": "memorule.composerule",
    "fields": {
      "created": "2012-11-06T12:18:28",
      "modified": "2012-11-06T12:18:28",
      "outer_sku_id": "62DB",
      "outer_id": "1115BN4",
      "type": "product",
      "payment": null,
      "extra_info": "\u5e8a\u54c1\u5341\u4ef6\u5957+\u88ab\u82af"
    }
  },
  {
    "pk": 23,
    "model": "memorule.composerule",
    "fields": {
      "created": "2012-11-06T12:19:22",
      "modified": "2012-11-06T12:19:22",
      "outer_sku_id": "62EB",
      "outer_id": "1115BN4",
      "type": "product",
      "payment": null,
      "extra_info": "\u5e8a\u54c1\u5341\u4ef6\u5957+\u88ab\u82af"
    }
  },
  {
    "pk": 24,
    "model": "memorule.composerule",
    "fields": {
      "created": "2012-11-06T12:25:16",
      "modified": "2012-11-06T12:25:16",
      "outer_sku_id": "52CA",
      "outer_id": "0115BA5",
      "type": "product",
      "payment": null,
      "extra_info": "\u9a6c\u8fbe\u52a0\u65af\u52a08\u4ef6\u5957\u5e8a\u54c1+\u68c9\u82b1\u88ab\u82af"
    }
  },
  {
    "pk": 25,
    "model": "memorule.composerule",
    "fields": {
      "created": "2012-11-06T12:26:47",
      "modified": "2012-11-06T12:26:47",
      "outer_sku_id": "52DA",
      "outer_id": "0115BA5",
      "type": "product",
      "payment": null,
      "extra_info": "\u9a6c\u8fbe\u52a0\u65af\u52a0\u5341\u4ef6\u5957+\u68c9\u82b1\u88ab\u82af"
    }
  },
  {
    "pk": 26,
    "model": "memorule.composerule",
    "fields": {
      "created": "2012-11-06T12:28:03",
      "modified": "2012-11-06T12:28:03",
      "outer_sku_id": "52EA",
      "outer_id": "0115BA5",
      "type": "product",
      "payment": null,
      "extra_info": "\u9a6c\u8fbe\u52a0\u65af\u52a0\u5341\u4ef6\u5957+\u68c9\u82b1\u88ab\u82af"
    }
  },
  {
    "pk": 27,
    "model": "memorule.composerule",
    "fields": {
      "created": "2012-11-06T12:29:23",
      "modified": "2012-11-06T12:29:23",
      "outer_sku_id": "52CB",
      "outer_id": "0115BA5",
      "type": "product",
      "payment": null,
      "extra_info": "\u9a6c\u8fbe\u52a0\u65af\u52a0\u5341\u4ef6\u5957+\u88ab\u82af"
    }
  },
  {
    "pk": 28,
    "model": "memorule.composerule",
    "fields": {
      "created": "2012-11-06T12:30:35",
      "modified": "2012-11-06T12:30:35",
      "outer_sku_id": "52DB",
      "outer_id": "0115BA5",
      "type": "product",
      "payment": null,
      "extra_info": "\u9a6c\u8fbe\u52a0\u65af\u52a0\u5341\u4ef6\u5957+\u88ab\u82af"
    }
  },
  {
    "pk": 29,
    "model": "memorule.composerule",
    "fields": {
      "created": "2012-11-06T12:31:35",
      "modified": "2012-11-06T12:31:35",
      "outer_sku_id": "52EB",
      "outer_id": "0115BA5",
      "type": "product",
      "payment": null,
      "extra_info": "\u9a6c\u8fbe\u52a0\u65af\u52a0\u5341\u4ef6\u5957+\u88ab\u82af"
    }
  },
  {
    "pk": 30,
    "model": "memorule.composerule",
    "fields": {
      "created": "2012-11-06T12:35:40",
      "modified": "2012-11-06T12:35:40",
      "outer_sku_id": "46ZAH",
      "outer_id": "2116BG6",
      "type": "product",
      "payment": null,
      "extra_info": "\u53ef\u8131\u80c6\u68c9\u82b1\u7761\u888b\u4e24\u4e2a\u7ec4\u5408\u88c5"
    }
  },
  {
    "pk": 31,
    "model": "memorule.composerule",
    "fields": {
      "created": "2012-11-06T12:36:59",
      "modified": "2012-11-06T12:36:59",
      "outer_sku_id": "46ZBH",
      "outer_id": "2116BG6",
      "type": "product",
      "payment": null,
      "extra_info": "\u53ef\u8131\u80c6\u68c9\u82b1\u7761\u888b\u4e24\u4e2a\u7ec4\u5408\u88c5"
    }
  },
  {
    "pk": 32,
    "model": "memorule.composerule",
    "fields": {
      "created": "2012-11-06T12:38:24",
      "modified": "2012-11-06T12:38:24",
      "outer_sku_id": "52ZAH",
      "outer_id": "2116BG6",
      "type": "product",
      "payment": null,
      "extra_info": "\u53ef\u8131\u80c6\u68c9\u82b1\u7761\u888b\u4e24\u4e2a\u7ec4\u5408\u88c5"
    }
  },
  {
    "pk": 33,
    "model": "memorule.composerule",
    "fields": {
      "created": "2012-11-06T12:39:16",
      "modified": "2012-11-06T12:39:16",
      "outer_sku_id": "52ZBH",
      "outer_id": "2116BG6",
      "type": "product",
      "payment": null,
      "extra_info": "\u53ef\u8131\u80c6\u68c9\u82b1\u7761\u888b\u4e24\u4e2a\u7ec4\u5408\u88c5"
    }
  },
  {
    "pk": 34,
    "model": "memorule.composerule",
    "fields": {
      "created": "2012-11-06T12:40:17",
      "modified": "2012-11-06T12:40:17",
      "outer_sku_id": "60ZAH",
      "outer_id": "2116BG6",
      "type": "product",
      "payment": null,
      "extra_info": "\u53ef\u8131\u80c6\u68c9\u82b1\u7761\u888b\u4e24\u4e2a\u7ec4\u5408\u88c5"
    }
  },
  {
    "pk": 35,
    "model": "memorule.composerule",
    "fields": {
      "created": "2012-11-06T12:41:12",
      "modified": "2012-11-06T12:41:12",
      "outer_sku_id": "60ZBH",
      "outer_id": "2116BG6",
      "type": "product",
      "payment": null,
      "extra_info": "\u53ef\u8131\u80c6\u68c9\u82b1\u7761\u888b\u4e24\u4e2a\u7ec4\u5408\u88c5"
    }
  },
  {
    "pk": 36,
    "model": "memorule.composerule",
    "fields": {
      "created": "2012-11-06T12:42:08",
      "modified": "2012-11-06T14:16:28",
      "outer_sku_id": "60ZB",
      "outer_id": "2116BG6",
      "type": "product",
      "payment": null,
      "extra_info": "\u53ef\u8131\u80c6\u68c9\u82b1\u7761\u888b\u4e24\u4e2a\u7ec4\u5408\u88c5"
    }
  },
  {
    "pk": 37,
    "model": "memorule.composerule",
    "fields": {
      "created": "2012-11-06T12:43:11",
      "modified": "2012-11-06T14:16:07",
      "outer_sku_id": "60ZA",
      "outer_id": "2116BG6",
      "type": "product",
      "payment": null,
      "extra_info": "\u53ef\u8131\u80c6\u68c9\u82b1\u7761\u888b\u4e24\u4e2a\u7ec4\u5408\u88c5"
    }
  },
  {
    "pk": 38,
    "model": "memorule.composerule",
    "fields": {
      "created": "2012-11-06T14:08:04",
      "modified": "2012-11-06T14:08:04",
      "outer_sku_id": "51A",
      "outer_id": "2116CD1",
      "type": "product",
      "payment": null,
      "extra_info": "\u5e3d\u5b50+\u56f4\u5dfe"
    }
  },
  {
    "pk": 39,
    "model": "memorule.composerule",
    "fields": {
      "created": "2012-11-06T14:10:05",
      "modified": "2012-11-06T14:10:05",
      "outer_sku_id": "51D",
      "outer_id": "2116CD1",
      "type": "product",
      "payment": null,
      "extra_info": "\u5e3d\u5b50+\u56f4\u5dfe"
    }
  },
  {
    "pk": 40,
    "model": "memorule.composerule",
    "fields": {
      "created": "2012-11-06T14:11:20",
      "modified": "2012-11-06T14:11:20",
      "outer_sku_id": "31A",
      "outer_id": "2116CD1",
      "type": "product",
      "payment": null,
      "extra_info": "\u5e3d\u5b50+\u56f4\u5dfe"
    }
  },
  {
    "pk": 41,
    "model": "memorule.composerule",
    "fields": {
      "created": "2012-11-06T14:12:37",
      "modified": "2012-11-06T14:12:37",
      "outer_sku_id": "31D",
      "outer_id": "2116CD1",
      "type": "product",
      "payment": null,
      "extra_info": "\u5e3d\u5b50+\u56f4\u5dfe"
    }
  },
  {
    "pk": 42,
    "model": "memorule.composerule",
    "fields": {
      "created": "2012-11-06T14:13:40",
      "modified": "2012-11-06T14:13:40",
      "outer_sku_id": "46A",
      "outer_id": "2116CD1",
      "type": "product",
      "payment": null,
      "extra_info": "\u5e3d\u5b50+\u56f4\u5dfe"
    }
  },
  {
    "pk": 43,
    "model": "memorule.composerule",
    "fields": {
      "created": "2012-11-06T14:14:23",
      "modified": "2012-11-06T14:14:23",
      "outer_sku_id": "46D",
      "outer_id": "2116CD1",
      "type": "product",
      "payment": null,
      "extra_info": "\u5e3d\u5b50+\u56f4\u5dfe"
    }
  },
  {
    "pk": 44,
    "model": "memorule.composerule",
    "fields": {
      "created": "2012-11-06T14:23:22",
      "modified": "2012-12-01T18:50:17",
      "outer_sku_id": "60Z",
      "outer_id": "2115BM2",
      "type": "product",
      "payment": null,
      "extra_info": "\u9694\u5c3f\u57ab\u4e24\u5929\u88c5\uff0c\u989c\u8272\u968f\u673a"
    }
  },
  {
    "pk": 45,
    "model": "memorule.composerule",
    "fields": {
      "created": "2012-11-06T14:26:37",
      "modified": "2012-11-06T14:26:37",
      "outer_sku_id": "70C",
      "outer_id": "0112BK1",
      "type": "product",
      "payment": null,
      "extra_info": "\u51c9\u5e2d+\u5b9a\u578b\u6795"
    }
  },
  {
    "pk": 46,
    "model": "memorule.composerule",
    "fields": {
      "created": "2012-11-06T14:28:04",
      "modified": "2012-11-06T14:28:04",
      "outer_sku_id": "80C",
      "outer_id": "0112BK1",
      "type": "product",
      "payment": null,
      "extra_info": "\u51c9\u5e2d+\u5b9a\u578b\u6795"
    }
  },
  {
    "pk": 1,
    "model": "memorule.composeitem",
    "fields": {
      "created": "2012-10-28T16:40:20",
      "modified": "2012-11-28T20:07:47",
      "num": 1,
      "outer_sku_id": "AB0",
      "compose_rule": 1,
      "outer_id": "0112DB1",
      "extra_info": "\u4e09\u89d2\u5dfe"
    }
  },
  {
    "pk": 2,
    "model": "memorule.composeitem",
    "fields": {
      "created": "2012-10-28T16:40:56",
      "modified": "2012-11-07T22:22:48",
      "num": 1,
      "outer_sku_id": "31N",
      "compose_rule": 2,
      "outer_id": "2115DA2",
      "extra_info": "\u6d74\u5dfe"
    }
  },
  {
    "pk": 3,
    "model": "memorule.composeitem",
    "fields": {
      "created": "2012-10-28T16:45:07",
      "modified": "2012-11-06T11:59:11",
      "num": 1,
      "outer_sku_id": "63A",
      "compose_rule": 3,
      "outer_id": "2115DD3",
      "extra_info": "\u5c3f\u5e03\u5e26"
    }
  },
  {
    "pk": 4,
    "model": "memorule.composeitem",
    "fields": {
      "created": "2012-10-28T16:45:07",
      "modified": "2012-10-28T16:45:07",
      "num": 1,
      "outer_sku_id": "30I10",
      "compose_rule": 3,
      "outer_id": "2115DD2",
      "extra_info": "\u7eb8\u5c3f\u88e410\u7247\u88c5"
    }
  },
  {
    "pk": 5,
    "model": "memorule.composeitem",
    "fields": {
      "created": "2012-10-28T16:48:10",
      "modified": "2012-11-06T11:54:48",
      "num": 1,
      "outer_sku_id": "46C",
      "compose_rule": 4,
      "outer_id": "1115BN4",
      "extra_info": "\u5e8a\u54c1\u5341\u4ef6\u5957"
    }
  },
  {
    "pk": 6,
    "model": "memorule.composeitem",
    "fields": {
      "created": "2012-10-28T16:48:10",
      "modified": "2012-11-06T11:54:48",
      "num": 1,
      "outer_sku_id": "30L",
      "compose_rule": 4,
      "outer_id": "2115BN1",
      "extra_info": "\u88ab\u82af"
    }
  },
  {
    "pk": 7,
    "model": "memorule.composeitem",
    "fields": {
      "created": "2012-10-28T16:58:26",
      "modified": "2012-11-06T11:55:06",
      "num": 1,
      "outer_sku_id": "46C",
      "compose_rule": 5,
      "outer_id": "1115BN4",
      "extra_info": "\u5e8a\u54c1\u5341\u4ef6\u5957"
    }
  },
  {
    "pk": 8,
    "model": "memorule.composeitem",
    "fields": {
      "created": "2012-10-28T16:58:26",
      "modified": "2012-11-06T11:55:06",
      "num": 1,
      "outer_sku_id": "30LH",
      "compose_rule": 5,
      "outer_id": "2115BN1",
      "extra_info": "\u88ab\u82af"
    }
  },
  {
    "pk": 9,
    "model": "memorule.composeitem",
    "fields": {
      "created": "2012-10-28T17:01:03",
      "modified": "2012-11-06T11:55:45",
      "num": 1,
      "outer_sku_id": "46E",
      "compose_rule": 6,
      "outer_id": "1115BN4",
      "extra_info": "\u5e8a\u54c1\u5341\u4ef6\u5957"
    }
  },
  {
    "pk": 10,
    "model": "memorule.composeitem",
    "fields": {
      "created": "2012-10-28T17:01:03",
      "modified": "2012-11-06T11:55:45",
      "num": 1,
      "outer_sku_id": "30LH",
      "compose_rule": 6,
      "outer_id": "2115BN1",
      "extra_info": "\u88ab\u82af"
    }
  },
  {
    "pk": 11,
    "model": "memorule.composeitem",
    "fields": {
      "created": "2012-10-29T10:35:18",
      "modified": "2012-11-06T11:55:32",
      "num": 1,
      "outer_sku_id": "62C",
      "compose_rule": 7,
      "outer_id": "1115BN4",
      "extra_info": "\u5e8a\u54c1\u5341\u4ef6\u5957"
    }
  },
  {
    "pk": 12,
    "model": "memorule.composeitem",
    "fields": {
      "created": "2012-10-29T10:35:18",
      "modified": "2012-11-06T11:55:32",
      "num": 1,
      "outer_sku_id": "30LH",
      "compose_rule": 7,
      "outer_id": "2115BN1",
      "extra_info": "\u88ab\u82af"
    }
  },
  {
    "pk": 13,
    "model": "memorule.composeitem",
    "fields": {
      "created": "2012-10-29T10:35:18",
      "modified": "2012-11-06T11:55:19",
      "num": 1,
      "outer_sku_id": "62E",
      "compose_rule": 8,
      "outer_id": "1115BN4",
      "extra_info": "\u5e8a\u54c1\u5341\u4ef6\u5957"
    }
  },
  {
    "pk": 14,
    "model": "memorule.composeitem",
    "fields": {
      "created": "2012-10-29T10:35:18",
      "modified": "2012-11-06T11:55:19",
      "num": 1,
      "outer_sku_id": "30LH",
      "compose_rule": 8,
      "outer_id": "2115BN1",
      "extra_info": "\u88ab\u82af"
    }
  },
  {
    "pk": 15,
    "model": "memorule.composeitem",
    "fields": {
      "created": "2012-11-06T12:01:30",
      "modified": "2012-11-06T12:01:30",
      "num": 1,
      "outer_sku_id": "46D",
      "compose_rule": 9,
      "outer_id": "1115BN4",
      "extra_info": "\u5e8a\u54c1"
    }
  },
  {
    "pk": 16,
    "model": "memorule.composeitem",
    "fields": {
      "created": "2012-11-06T12:01:30",
      "modified": "2012-11-06T12:01:30",
      "num": 1,
      "outer_sku_id": "30L",
      "compose_rule": 9,
      "outer_id": "2115BN1",
      "extra_info": "\u88ab\u82af"
    }
  },
  {
    "pk": 17,
    "model": "memorule.composeitem",
    "fields": {
      "created": "2012-11-06T12:02:08",
      "modified": "2012-11-06T12:03:06",
      "num": 1,
      "outer_sku_id": "46E",
      "compose_rule": 10,
      "outer_id": "1115BN4",
      "extra_info": "\u5e8a\u54c1"
    }
  },
  {
    "pk": 18,
    "model": "memorule.composeitem",
    "fields": {
      "created": "2012-11-06T12:03:06",
      "modified": "2012-11-06T12:03:06",
      "num": 1,
      "outer_sku_id": "30L",
      "compose_rule": 10,
      "outer_id": "2115BN1",
      "extra_info": "\u88ab\u82af"
    }
  },
  {
    "pk": 19,
    "model": "memorule.composeitem",
    "fields": {
      "created": "2012-11-06T12:05:01",
      "modified": "2012-11-06T12:05:01",
      "num": 1,
      "outer_sku_id": "46D",
      "compose_rule": 11,
      "outer_id": "1115BN4",
      "extra_info": "\u5e8a\u54c1"
    }
  },
  {
    "pk": 20,
    "model": "memorule.composeitem",
    "fields": {
      "created": "2012-11-06T12:05:01",
      "modified": "2012-11-06T12:05:01",
      "num": 1,
      "outer_sku_id": "30LH",
      "compose_rule": 11,
      "outer_id": "2115BN1",
      "extra_info": "\u88ab\u82af"
    }
  },
  {
    "pk": 21,
    "model": "memorule.composeitem",
    "fields": {
      "created": "2012-11-06T12:06:49",
      "modified": "2012-11-06T12:06:49",
      "num": 1,
      "outer_sku_id": "52C",
      "compose_rule": 12,
      "outer_id": "1115BN4",
      "extra_info": "\u5e8a\u54c1"
    }
  },
  {
    "pk": 22,
    "model": "memorule.composeitem",
    "fields": {
      "created": "2012-11-06T12:06:49",
      "modified": "2012-11-06T12:06:49",
      "num": 1,
      "outer_sku_id": "30L",
      "compose_rule": 12,
      "outer_id": "2115BN1",
      "extra_info": "\u88ab\u82af"
    }
  },
  {
    "pk": 23,
    "model": "memorule.composeitem",
    "fields": {
      "created": "2012-11-06T12:07:57",
      "modified": "2012-11-06T12:07:57",
      "num": 1,
      "outer_sku_id": "52D",
      "compose_rule": 13,
      "outer_id": "1115BN4",
      "extra_info": "\u5e8a\u54c1"
    }
  },
  {
    "pk": 24,
    "model": "memorule.composeitem",
    "fields": {
      "created": "2012-11-06T12:07:57",
      "modified": "2012-11-06T12:07:57",
      "num": 1,
      "outer_sku_id": "30L",
      "compose_rule": 13,
      "outer_id": "2115BN1",
      "extra_info": "\u88ab\u82af"
    }
  },
  {
    "pk": 25,
    "model": "memorule.composeitem",
    "fields": {
      "created": "2012-11-06T12:09:18",
      "modified": "2012-11-06T12:09:18",
      "num": 1,
      "outer_sku_id": "52E",
      "compose_rule": 14,
      "outer_id": "1115BN4",
      "extra_info": "\u5e8a\u54c1"
    }
  },
  {
    "pk": 26,
    "model": "memorule.composeitem",
    "fields": {
      "created": "2012-11-06T12:09:18",
      "modified": "2012-11-06T12:09:18",
      "num": 1,
      "outer_sku_id": "30L",
      "compose_rule": 14,
      "outer_id": "2115BN1",
      "extra_info": "\u88ab\u82af"
    }
  },
  {
    "pk": 27,
    "model": "memorule.composeitem",
    "fields": {
      "created": "2012-11-06T12:10:46",
      "modified": "2012-11-06T12:10:46",
      "num": 1,
      "outer_sku_id": "52C",
      "compose_rule": 15,
      "outer_id": "1115BN4",
      "extra_info": "\u5e8a\u54c1"
    }
  },
  {
    "pk": 28,
    "model": "memorule.composeitem",
    "fields": {
      "created": "2012-11-06T12:10:46",
      "modified": "2012-11-06T12:10:46",
      "num": 1,
      "outer_sku_id": "30LH",
      "compose_rule": 15,
      "outer_id": "2115BN1",
      "extra_info": "\u88ab\u82af"
    }
  },
  {
    "pk": 29,
    "model": "memorule.composeitem",
    "fields": {
      "created": "2012-11-06T12:11:37",
      "modified": "2012-11-06T12:11:37",
      "num": 1,
      "outer_sku_id": "52D",
      "compose_rule": 16,
      "outer_id": "1115BN4",
      "extra_info": "\u5e8a\u54c1"
    }
  },
  {
    "pk": 30,
    "model": "memorule.composeitem",
    "fields": {
      "created": "2012-11-06T12:11:37",
      "modified": "2012-11-06T12:11:37",
      "num": 1,
      "outer_sku_id": "30LH",
      "compose_rule": 16,
      "outer_id": "2115BN1",
      "extra_info": "\u88ab\u82af"
    }
  },
  {
    "pk": 31,
    "model": "memorule.composeitem",
    "fields": {
      "created": "2012-11-06T12:12:48",
      "modified": "2012-11-06T12:12:48",
      "num": 1,
      "outer_sku_id": "52E",
      "compose_rule": 17,
      "outer_id": "1115BN4",
      "extra_info": "\u5e8a\u54c1"
    }
  },
  {
    "pk": 32,
    "model": "memorule.composeitem",
    "fields": {
      "created": "2012-11-06T12:12:48",
      "modified": "2012-11-06T12:12:48",
      "num": 1,
      "outer_sku_id": "30LH",
      "compose_rule": 17,
      "outer_id": "2115BN1",
      "extra_info": "\u88ab\u82af"
    }
  },
  {
    "pk": 33,
    "model": "memorule.composeitem",
    "fields": {
      "created": "2012-11-06T12:14:21",
      "modified": "2012-11-06T12:14:21",
      "num": 1,
      "outer_sku_id": "62C",
      "compose_rule": 18,
      "outer_id": "1115BN4",
      "extra_info": "\u5e8a\u54c1"
    }
  },
  {
    "pk": 34,
    "model": "memorule.composeitem",
    "fields": {
      "created": "2012-11-06T12:14:21",
      "modified": "2012-11-06T12:14:21",
      "num": 1,
      "outer_sku_id": "30L",
      "compose_rule": 18,
      "outer_id": "2115BN1",
      "extra_info": "\u88ab\u82af"
    }
  },
  {
    "pk": 35,
    "model": "memorule.composeitem",
    "fields": {
      "created": "2012-11-06T12:15:15",
      "modified": "2012-11-06T12:15:15",
      "num": 1,
      "outer_sku_id": "62D",
      "compose_rule": 19,
      "outer_id": "1115BN4",
      "extra_info": "\u5e8a\u54c1"
    }
  },
  {
    "pk": 36,
    "model": "memorule.composeitem",
    "fields": {
      "created": "2012-11-06T12:15:15",
      "modified": "2012-11-06T12:15:15",
      "num": 1,
      "outer_sku_id": "30L",
      "compose_rule": 19,
      "outer_id": "2115BN1",
      "extra_info": "\u88ab\u82af"
    }
  },
  {
    "pk": 37,
    "model": "memorule.composeitem",
    "fields": {
      "created": "2012-11-06T12:16:15",
      "modified": "2012-11-06T12:16:15",
      "num": 1,
      "outer_sku_id": "62E",
      "compose_rule": 20,
      "outer_id": "1115BN4",
      "extra_info": "\u5e8a\u54c1"
    }
  },
  {
    "pk": 38,
    "model": "memorule.composeitem",
    "fields": {
      "created": "2012-11-06T12:16:15",
      "modified": "2012-11-06T12:16:15",
      "num": 1,
      "outer_sku_id": "30L",
      "compose_rule": 20,
      "outer_id": "2115BN1",
      "extra_info": "\u88ab\u82af"
    }
  },
  {
    "pk": 39,
    "model": "memorule.composeitem",
    "fields": {
      "created": "2012-11-06T12:17:34",
      "modified": "2012-11-06T12:17:34",
      "num": 1,
      "outer_sku_id": "62C",
      "compose_rule": 21,
      "outer_id": "1115BN4",
      "extra_info": "\u5e8a\u54c1"
    }
  },
  {
    "pk": 40,
    "model": "memorule.composeitem",
    "fields": {
      "created": "2012-11-06T12:17:34",
      "modified": "2012-11-06T12:17:34",
      "num": 1,
      "outer_sku_id": "30LH",
      "compose_rule": 21,
      "outer_id": "2115BN1",
      "extra_info": "\u539a\u88ab\u82af"
    }
  },
  {
    "pk": 41,
    "model": "memorule.composeitem",
    "fields": {
      "created": "2012-11-06T12:18:28",
      "modified": "2012-11-06T12:18:28",
      "num": 1,
      "outer_sku_id": "62D",
      "compose_rule": 22,
      "outer_id": "1115BN4",
      "extra_info": "\u5e8a\u54c1"
    }
  },
  {
    "pk": 42,
    "model": "memorule.composeitem",
    "fields": {
      "created": "2012-11-06T12:18:28",
      "modified": "2012-11-06T12:18:28",
      "num": 1,
      "outer_sku_id": "30LH",
      "compose_rule": 22,
      "outer_id": "2115BN1",
      "extra_info": "\u539a\u88ab\u82af"
    }
  },
  {
    "pk": 43,
    "model": "memorule.composeitem",
    "fields": {
      "created": "2012-11-06T12:19:22",
      "modified": "2012-11-06T12:19:22",
      "num": 1,
      "outer_sku_id": "62E",
      "compose_rule": 23,
      "outer_id": "1115BN4",
      "extra_info": "\u5e8a\u54c1"
    }
  },
  {
    "pk": 44,
    "model": "memorule.composeitem",
    "fields": {
      "created": "2012-11-06T12:19:22",
      "modified": "2012-11-06T12:19:22",
      "num": 1,
      "outer_sku_id": "30LH",
      "compose_rule": 23,
      "outer_id": "2115BN1",
      "extra_info": "\u88ab\u82af"
    }
  },
  {
    "pk": 45,
    "model": "memorule.composeitem",
    "fields": {
      "created": "2012-11-06T12:25:16",
      "modified": "2012-11-06T12:25:16",
      "num": 1,
      "outer_sku_id": "52C",
      "compose_rule": 24,
      "outer_id": "0115BA5",
      "extra_info": "\u9a6c\u8fbe\u52a0\u65af\u52a08\u4ef6\u5957\u5e8a\u54c1"
    }
  },
  {
    "pk": 46,
    "model": "memorule.composeitem",
    "fields": {
      "created": "2012-11-06T12:25:16",
      "modified": "2012-11-06T12:25:16",
      "num": 1,
      "outer_sku_id": "30L",
      "compose_rule": 24,
      "outer_id": "2115BN1",
      "extra_info": "\u68c9\u82b1\u88ab\u82af"
    }
  },
  {
    "pk": 47,
    "model": "memorule.composeitem",
    "fields": {
      "created": "2012-11-06T12:26:47",
      "modified": "2012-11-06T12:26:47",
      "num": 1,
      "outer_sku_id": "52D",
      "compose_rule": 25,
      "outer_id": "0115BA5",
      "extra_info": "\u9a6c\u8fbe\u52a0\u65af\u52a0\u5341\u4ef6\u5957"
    }
  },
  {
    "pk": 48,
    "model": "memorule.composeitem",
    "fields": {
      "created": "2012-11-06T12:26:47",
      "modified": "2012-11-06T12:26:47",
      "num": 1,
      "outer_sku_id": "30L",
      "compose_rule": 25,
      "outer_id": "2115BN1",
      "extra_info": "\u68c9\u82b1\u88ab\u82af"
    }
  },
  {
    "pk": 49,
    "model": "memorule.composeitem",
    "fields": {
      "created": "2012-11-06T12:28:03",
      "modified": "2012-11-06T12:28:03",
      "num": 1,
      "outer_sku_id": "52E",
      "compose_rule": 26,
      "outer_id": "0115BA5",
      "extra_info": "\u9a6c\u8fbe\u52a0\u65af\u52a0\u5341\u4ef6\u5957"
    }
  },
  {
    "pk": 50,
    "model": "memorule.composeitem",
    "fields": {
      "created": "2012-11-06T12:28:03",
      "modified": "2012-11-06T12:28:03",
      "num": 1,
      "outer_sku_id": "30L",
      "compose_rule": 26,
      "outer_id": "2115BN1",
      "extra_info": "\u68c9\u82b1\u88ab\u82af"
    }
  },
  {
    "pk": 51,
    "model": "memorule.composeitem",
    "fields": {
      "created": "2012-11-06T12:29:23",
      "modified": "2012-11-06T12:29:23",
      "num": 1,
      "outer_sku_id": "52C",
      "compose_rule": 27,
      "outer_id": "0115BA5",
      "extra_info": "\u9a6c\u8fbe\u52a0\u65af\u52a0\u5341\u4ef6\u5957"
    }
  },
  {
    "pk": 52,
    "model": "memorule.composeitem",
    "fields": {
      "created": "2012-11-06T12:29:23",
      "modified": "2012-11-06T12:29:23",
      "num": 1,
      "outer_sku_id": "30LH",
      "compose_rule": 27,
      "outer_id": "2115BN1",
      "extra_info": "\u88ab\u82af"
    }
  },
  {
    "pk": 53,
    "model": "memorule.composeitem",
    "fields": {
      "created": "2012-11-06T12:30:35",
      "modified": "2012-11-06T12:30:35",
      "num": 1,
      "outer_sku_id": "52D",
      "compose_rule": 28,
      "outer_id": "0115BA5",
      "extra_info": "\u9a6c\u8fbe\u52a0\u65af\u52a0\u5341\u4ef6\u5957"
    }
  },
  {
    "pk": 54,
    "model": "memorule.composeitem",
    "fields": {
      "created": "2012-11-06T12:30:35",
      "modified": "2012-11-06T12:30:35",
      "num": 1,
      "outer_sku_id": "30LH",
      "compose_rule": 28,
      "outer_id": "2115BN1",
      "extra_info": "\u88ab\u82af"
    }
  },
  {
    "pk": 55,
    "model": "memorule.composeitem",
    "fields": {
      "created": "2012-11-06T12:31:35",
      "modified": "2012-11-06T12:31:35",
      "num": 1,
      "outer_sku_id": "52E",
      "compose_rule": 29,
      "outer_id": "0115BA5",
      "extra_info": "\u9a6c\u8fbe\u52a0\u65af\u52a0\u5341\u4ef6\u5957"
    }
  },
  {
    "pk": 56,
    "model": "memorule.composeitem",
    "fields": {
      "created": "2012-11-06T12:31:35",
      "modified": "2012-11-06T12:31:35",
      "num": 1,
      "outer_sku_id": "30LH",
      "compose_rule": 29,
      "outer_id": "2115BN1",
      "extra_info": "\u88ab\u82af"
    }
  },
  {
    "pk": 57,
    "model": "memorule.composeitem",
    "fields": {
      "created": "2012-11-06T12:35:40",
      "modified": "2012-11-06T12:35:40",
      "num": 1,
      "outer_sku_id": "46KH",
      "compose_rule": 30,
      "outer_id": "2116BG6",
      "extra_info": "\u53ef\u8131\u80c6\u68c9\u82b1\u7761\u888b\u4e24\u4e2a\u7ec4\u5408\u88c5"
    }
  },
  {
    "pk": 58,
    "model": "memorule.composeitem",
    "fields": {
      "created": "2012-11-06T12:35:40",
      "modified": "2012-11-06T12:35:40",
      "num": 1,
      "outer_sku_id": "46AH",
      "compose_rule": 30,
      "outer_id": "2116BG6",
      "extra_info": "\u53ef\u8131\u80c6\u68c9\u82b1\u7761\u888b\u4e24\u4e2a\u7ec4\u5408\u88c5"
    }
  },
  {
    "pk": 59,
    "model": "memorule.composeitem",
    "fields": {
      "created": "2012-11-06T12:36:59",
      "modified": "2012-11-06T12:36:59",
      "num": 1,
      "outer_sku_id": "46FH",
      "compose_rule": 31,
      "outer_id": "2116BG6",
      "extra_info": "\u53ef\u8131\u80c6\u68c9\u82b1\u7761\u888b"
    }
  },
  {
    "pk": 60,
    "model": "memorule.composeitem",
    "fields": {
      "created": "2012-11-06T12:36:59",
      "modified": "2012-11-06T12:36:59",
      "num": 1,
      "outer_sku_id": "46AH",
      "compose_rule": 31,
      "outer_id": "2116BG6",
      "extra_info": "\u53ef\u8131\u80c6\u68c9\u82b1\u7761\u888b"
    }
  },
  {
    "pk": 61,
    "model": "memorule.composeitem",
    "fields": {
      "created": "2012-11-06T12:38:24",
      "modified": "2012-11-06T12:38:24",
      "num": 1,
      "outer_sku_id": "52KH",
      "compose_rule": 32,
      "outer_id": "2116BG6",
      "extra_info": "\u53ef\u8131\u80c6\u68c9\u82b1\u7761\u888b"
    }
  },
  {
    "pk": 62,
    "model": "memorule.composeitem",
    "fields": {
      "created": "2012-11-06T12:38:24",
      "modified": "2012-11-06T12:38:24",
      "num": 1,
      "outer_sku_id": "52AH",
      "compose_rule": 32,
      "outer_id": "2116BG6",
      "extra_info": "\u53ef\u8131\u80c6\u68c9\u82b1\u7761\u888b"
    }
  },
  {
    "pk": 63,
    "model": "memorule.composeitem",
    "fields": {
      "created": "2012-11-06T12:39:16",
      "modified": "2012-11-06T12:39:16",
      "num": 1,
      "outer_sku_id": "52FH",
      "compose_rule": 33,
      "outer_id": "2116BG6",
      "extra_info": "\u53ef\u8131\u80c6\u68c9\u82b1\u7761\u888b"
    }
  },
  {
    "pk": 64,
    "model": "memorule.composeitem",
    "fields": {
      "created": "2012-11-06T12:39:16",
      "modified": "2012-11-06T12:39:16",
      "num": 1,
      "outer_sku_id": "52AH",
      "compose_rule": 33,
      "outer_id": "2116BG6",
      "extra_info": "\u53ef\u8131\u80c6\u68c9\u82b1\u7761\u888b"
    }
  },
  {
    "pk": 65,
    "model": "memorule.composeitem",
    "fields": {
      "created": "2012-11-06T12:40:17",
      "modified": "2012-11-06T12:40:17",
      "num": 1,
      "outer_sku_id": "60KH",
      "compose_rule": 34,
      "outer_id": "2116BG6",
      "extra_info": "\u53ef\u8131\u80c6\u68c9\u82b1\u7761\u888b"
    }
  },
  {
    "pk": 66,
    "model": "memorule.composeitem",
    "fields": {
      "created": "2012-11-06T12:40:17",
      "modified": "2012-11-06T12:40:17",
      "num": 1,
      "outer_sku_id": "60AH",
      "compose_rule": 34,
      "outer_id": "2116BG6",
      "extra_info": "\u53ef\u8131\u80c6\u68c9\u82b1\u7761\u888b"
    }
  },
  {
    "pk": 67,
    "model": "memorule.composeitem",
    "fields": {
      "created": "2012-11-06T12:41:12",
      "modified": "2012-11-06T12:41:12",
      "num": 1,
      "outer_sku_id": "60FH",
      "compose_rule": 35,
      "outer_id": "2116BG6",
      "extra_info": "\u53ef\u8131\u80c6\u68c9\u82b1\u7761\u888b"
    }
  },
  {
    "pk": 68,
    "model": "memorule.composeitem",
    "fields": {
      "created": "2012-11-06T12:41:12",
      "modified": "2012-11-06T12:41:12",
      "num": 1,
      "outer_sku_id": "60AH",
      "compose_rule": 35,
      "outer_id": "2116BG6",
      "extra_info": "\u53ef\u8131\u80c6\u68c9\u82b1\u7761\u888b"
    }
  },
  {
    "pk": 69,
    "model": "memorule.composeitem",
    "fields": {
      "created": "2012-11-06T12:42:08",
      "modified": "2012-11-06T14:16:28",
      "num": 1,
      "outer_sku_id": "60F",
      "compose_rule": 36,
      "outer_id": "2116BG6",
      "extra_info": "\u53ef\u8131\u80c6\u68c9\u82b1\u7761\u888b"
    }
  },
  {
    "pk": 70,
    "model": "memorule.composeitem",
    "fields": {
      "created": "2012-11-06T12:42:08",
      "modified": "2012-11-06T12:42:08",
      "num": 1,
      "outer_sku_id": "60A",
      "compose_rule": 36,
      "outer_id": "2116BG6",
      "extra_info": "\u53ef\u8131\u80c6\u68c9\u82b1\u7761\u888b"
    }
  },
  {
    "pk": 71,
    "model": "memorule.composeitem",
    "fields": {
      "created": "2012-11-06T12:43:11",
      "modified": "2012-11-06T14:16:07",
      "num": 1,
      "outer_sku_id": "60K",
      "compose_rule": 37,
      "outer_id": "2116BG6",
      "extra_info": "\u53ef\u8131\u80c6\u68c9\u82b1\u7761\u888b"
    }
  },
  {
    "pk": 72,
    "model": "memorule.composeitem",
    "fields": {
      "created": "2012-11-06T12:43:11",
      "modified": "2012-11-06T12:43:11",
      "num": 1,
      "outer_sku_id": "60A",
      "compose_rule": 37,
      "outer_id": "2116BG6",
      "extra_info": "\u53ef\u8131\u80c6\u68c9\u82b1\u7761\u888b"
    }
  },
  {
    "pk": 73,
    "model": "memorule.composeitem",
    "fields": {
      "created": "2012-11-06T14:08:04",
      "modified": "2012-11-06T14:08:04",
      "num": 1,
      "outer_sku_id": "51A",
      "compose_rule": 38,
      "outer_id": "2116CD1",
      "extra_info": "\u5e3d\u5b50"
    }
  },
  {
    "pk": 74,
    "model": "memorule.composeitem",
    "fields": {
      "created": "2012-11-06T14:08:04",
      "modified": "2012-11-06T14:08:04",
      "num": 1,
      "outer_sku_id": "51A",
      "compose_rule": 38,
      "outer_id": "2116CD2",
      "extra_info": "\u56f4\u5dfe"
    }
  },
  {
    "pk": 75,
    "model": "memorule.composeitem",
    "fields": {
      "created": "2012-11-06T14:10:05",
      "modified": "2012-11-06T14:10:05",
      "num": 1,
      "outer_sku_id": "51D",
      "compose_rule": 39,
      "outer_id": "2116CD1",
      "extra_info": "\u5e3d\u5b50"
    }
  },
  {
    "pk": 76,
    "model": "memorule.composeitem",
    "fields": {
      "created": "2012-11-06T14:10:05",
      "modified": "2012-11-06T14:10:05",
      "num": 1,
      "outer_sku_id": "51A",
      "compose_rule": 39,
      "outer_id": "2116CD2",
      "extra_info": "\u56f4\u5dfe \u9ec4\u8272"
    }
  },
  {
    "pk": 77,
    "model": "memorule.composeitem",
    "fields": {
      "created": "2012-11-06T14:11:20",
      "modified": "2012-11-06T14:11:20",
      "num": 1,
      "outer_sku_id": "31A",
      "compose_rule": 40,
      "outer_id": "2116CD1",
      "extra_info": "\u5e3d\u5b50"
    }
  },
  {
    "pk": 78,
    "model": "memorule.composeitem",
    "fields": {
      "created": "2012-11-06T14:11:20",
      "modified": "2012-11-06T14:11:20",
      "num": 1,
      "outer_sku_id": "34A",
      "compose_rule": 40,
      "outer_id": "2116CD2",
      "extra_info": "\u56f4\u5dfe \u5496\u8272"
    }
  },
  {
    "pk": 79,
    "model": "memorule.composeitem",
    "fields": {
      "created": "2012-11-06T14:12:37",
      "modified": "2012-11-06T14:12:37",
      "num": 1,
      "outer_sku_id": "31D",
      "compose_rule": 41,
      "outer_id": "2116CD1",
      "extra_info": "\u5e3d\u5b50"
    }
  },
  {
    "pk": 80,
    "model": "memorule.composeitem",
    "fields": {
      "created": "2012-11-06T14:12:37",
      "modified": "2012-11-06T14:12:37",
      "num": 1,
      "outer_sku_id": "34A",
      "compose_rule": 41,
      "outer_id": "2116CD2",
      "extra_info": "\u56f4\u5dfe"
    }
  },
  {
    "pk": 81,
    "model": "memorule.composeitem",
    "fields": {
      "created": "2012-11-06T14:13:40",
      "modified": "2012-11-06T14:13:40",
      "num": 1,
      "outer_sku_id": "46A",
      "compose_rule": 42,
      "outer_id": "2116CD1",
      "extra_info": "\u5e3d\u5b50"
    }
  },
  {
    "pk": 82,
    "model": "memorule.composeitem",
    "fields": {
      "created": "2012-11-06T14:13:40",
      "modified": "2012-11-06T14:13:40",
      "num": 1,
      "outer_sku_id": "46A",
      "compose_rule": 42,
      "outer_id": "2116CD2",
      "extra_info": "\u56f4\u5dfe"
    }
  },
  {
    "pk": 83,
    "model": "memorule.composeitem",
    "fields": {
      "created": "2012-11-06T14:14:23",
      "modified": "2012-11-06T14:14:23",
      "num": 1,
      "outer_sku_id": "46D",
      "compose_rule": 43,
      "outer_id": "2116CD1",
      "extra_info": "\u5e3d\u5b50"
    }
  },
  {
    "pk": 84,
    "model": "memorule.composeitem",
    "fields": {
      "created": "2012-11-06T14:14:23",
      "modified": "2012-11-06T14:14:23",
      "num": 1,
      "outer_sku_id": "46A",
      "compose_rule": 43,
      "outer_id": "2116CD2",
      "extra_info": "\u56f4\u5dfe"
    }
  },
  {
    "pk": 85,
    "model": "memorule.composeitem",
    "fields": {
      "created": "2012-11-06T14:23:22",
      "modified": "2012-12-01T18:50:17",
      "num": 2,
      "outer_sku_id": "46J",
      "compose_rule": 44,
      "outer_id": "2115BM2",
      "extra_info": "\u9694\u5c3f\u57ab \u989c\u8272\u968f\u673a"
    }
  },
  {
    "pk": 87,
    "model": "memorule.composeitem",
    "fields": {
      "created": "2012-11-06T14:26:37",
      "modified": "2012-11-06T14:26:37",
      "num": 1,
      "outer_sku_id": "70C",
      "compose_rule": 45,
      "outer_id": "0112BK1",
      "extra_info": "\u51c9\u5e2d"
    }
  },
  {
    "pk": 88,
    "model": "memorule.composeitem",
    "fields": {
      "created": "2012-11-06T14:26:37",
      "modified": "2012-11-06T14:26:37",
      "num": 1,
      "outer_sku_id": "70A",
      "compose_rule": 45,
      "outer_id": "0112BF1",
      "extra_info": "\u5b9a\u578b\u6795 \u7eff"
    }
  },
  {
    "pk": 89,
    "model": "memorule.composeitem",
    "fields": {
      "created": "2012-11-06T14:28:04",
      "modified": "2012-11-06T14:28:04",
      "num": 1,
      "outer_sku_id": "80C",
      "compose_rule": 46,
      "outer_id": "0112BK1",
      "extra_info": "\u51c9\u5e2d"
    }
  },
  {
    "pk": 90,
    "model": "memorule.composeitem",
    "fields": {
      "created": "2012-11-06T14:28:04",
      "modified": "2012-11-06T14:28:04",
      "num": 1,
      "outer_sku_id": "80A",
      "compose_rule": 46,
      "outer_id": "0112BF1",
      "extra_info": "\u5b9a\u578b\u6795 \u7c89"
    }
  }
]